id,first_name,last_name,email,ip_address,color,car_vin,car_company,car_model,car_model_year,car_price,country,city,date
1,Marsh,Polon,mpolon0@google.de,155.43.28.214,#255a97,3D7TT2HT8BG370793,Chevrolet,Cobalt,2006,67487.58,Czech Republic,Bořetice,2020-09-03
6,Bobbi,Sulland,bsulland5@barnesandnoble.com,94.203.49.152,#3c1515,SALAB2D42BA929152,Chevrolet,Silverado 2500,2010,35588.74,Poland,Bielawa,2020-03-27
10,Lynna,Jossel,ljossel9@archive.org,68.72.88.141,#0c6d6a,1N6AA0CH9DN190180,Chevrolet,Malibu,2001,80118.18,Czech Republic,Hvozdná,2020-07-14
14,Giulio,Ing,gingd@baidu.com,107.44.207.136,#db7c98,WA1AGBFE4CD164891,Chevrolet,Suburban 2500,2003,88935.98,Poland,Żarki-Letnisko,2020-03-27
15,Lela,Masson,lmassone@lycos.com,62.176.227.100,#805251,5N1AT2ML7FC391968,Chevrolet,Express 1500,2007,19212.71,Poland,Wysoka,2020-05-09
21,Angy,Lorrie,alorriek@hc360.com,185.136.110.75,#3af52c,3FAHP0DCXAR054903,Chevrolet,Equinox,2006,52849.21,Poland,Damnica,2020-01-22
24,Rowney,Selwyn,rselwynn@arizona.edu,209.20.40.139,#eb78a0,TRUDD38J281626648,Chevrolet,Malibu,2002,9224.59,Poland,Wólka Pełkińska,2020-11-01
28,Adi,Huggon,ahuggonr@dion.ne.jp,127.124.60.202,#81bbba,2T2BK1BA9EC555360,Chevrolet,G-Series G10,1995,73435.81,Poland,Ryczów,2020-11-20
43,Juana,Longlands,jlonglands16@istockphoto.com,250.100.0.186,#5a4ec0,2C3CCABG9EH016824,Chevrolet,Express 2500,1996,37242.60,Czech Republic,Žulová,2020-01-15
51,Nessi,Tripony,ntripony1e@yellowbook.com,214.74.7.152,#53c426,1YVHZ8BA6A5767573,Chevrolet,Impala,2012,80557.94,Poland,Lubomierz,2020-12-30
130,Chrissy,Reppaport,creppaport3l@eventbrite.com,248.190.235.230,#b7cc8d,5UXFG2C53BL477935,Chevrolet,Tahoe,2011,48509.46,Poland,Babiak,2020-07-28
136,Seamus,Biggs,sbiggs3r@mashable.com,58.40.39.44,#58468d,1G6AB5RX5E0918865,Chevrolet,Sportvan G20,1994,46420.20,Czech Republic,Horní Jiřetín,2020-11-21
143,Amelia,Dyte,adyte3y@wikipedia.org,204.250.32.207,#787778,WBAGN83594D174618,Chevrolet,Cobalt SS,2009,68941.55,Czech Republic,Horní Bečva,2020-09-19
148,Kippy,Baison,kbaison43@theguardian.com,152.164.125.93,#07cdbf,WAUDGAFL8DA387642,Chevrolet,TrailBlazer,2006,25082.65,Poland,Lachowice,2020-10-04
167,Carling,Laxon,claxon4m@yolasite.com,101.10.168.108,#89030e,3D7TP2CTXBG248870,Chevrolet,Silverado 2500,2012,71122.19,Poland,Bolszewo,2020-10-23
168,Noni,Gilfillan,ngilfillan4n@wikipedia.org,186.166.113.117,#54040b,1GYS3JEF0ER386466,Chevrolet,3500,1996,80037.02,Poland,Pułtusk,2020-03-05
169,Phillip,Rahill,prahill4o@boston.com,76.123.91.72,#2b2e8e,SCBGT3ZAXFC959466,Chevrolet,Metro,1998,83510.21,Czech Republic,Radiměř,2020-04-28
173,Jerrold,Charlwood,jcharlwood4s@imageshack.us,223.31.133.65,#5c76f8,WBAKB4C59CC223882,Chevrolet,Colorado,2004,33419.80,Poland,Trzebinia,2020-01-13
194,Noelle,Wealleans,nwealleans5d@nyu.edu,139.67.205.67,#f2c037,JTHBE1D25E5400964,Chevrolet,Suburban 2500,2002,63010.50,Czech Republic,Třemošnice,2020-03-11
221,Alfy,Hardway,ahardway64@sun.com,143.233.204.250,#835653,WBADS334X2G744269,Chevrolet,Lumina,1997,13464.81,Poland,Stoczek,2020-11-12
223,Gennifer,Zamorrano,gzamorrano66@goodreads.com,156.200.202.107,#9a00da,5GAKVDKD2DJ102838,Chevrolet,HHR,2009,51293.94,Poland,Chociwel,2020-09-15
225,Kerri,Van Dale,kvandale68@seattletimes.com,211.39.22.253,#6ffb45,1ZVBP8AMXD5066288,Chevrolet,Sportvan G30,1995,94826.17,Poland,Podgórzyn,2020-05-01
249,Jolynn,Idney,jidney6w@amazon.com,199.37.238.207,#b13116,4USBT33584L352055,Chevrolet,SSR,2005,47507.31,Poland,Krzyżowice,2020-03-14
274,Glenn,Tulleth,gtulleth7l@businesswire.com,167.109.68.113,#e53bed,5UXFE43527L092388,Chevrolet,Monte Carlo,1999,66959.46,Czech Republic,Malé Svatoňovice,2020-03-05
279,Hendrika,Conor,hconor7q@tiny.cc,226.249.244.229,#96f25a,1C4NJCBA6FD625241,Chevrolet,Express 1500,2008,21450.41,Poland,Wiązownica,2020-04-03
302,Kaitlin,Ruvel,kruvel8d@simplemachines.org,127.164.161.255,#3be382,1N4AA5APXAC070850,Chevrolet,Express,2011,74983.39,Czech Republic,Jarošov nad Nežárkou,2020-02-01
313,Hollyanne,Ortas,hortas8o@cbc.ca,117.118.99.201,#007fd1,1FTEW1CM6CK966710,Chevrolet,Caprice,1996,14814.13,Poland,Bęczarka,2020-11-09
316,Tally,Creenan,tcreenan8r@admin.ch,134.149.232.31,#acc81d,5UMBT93516L329708,Chevrolet,1500,1998,50346.10,Czech Republic,Mladá Boleslav,2020-12-16
323,Salomo,Mackinder,smackinder8y@infoseek.co.jp,255.230.174.186,#449ac9,5J6TF3H59FL278149,Chevrolet,Venture,1999,61806.78,Poland,Dziewin,2020-03-04
347,Dotty,Cheltnam,dcheltnam9m@npr.org,102.181.3.193,#04f824,WBA4A7C55FD680278,Chevrolet,Suburban 2500,1996,47863.67,Czech Republic,Moravský Beroun,2020-07-25
366,Harmonie,Castle,hcastlea5@yellowpages.com,167.68.50.20,#a31070,1GYFC13279R074796,Chevrolet,Cavalier,2002,68453.30,Denmark,Frederiksberg,2020-01-03
368,Darda,Lanfear,dlanfeara7@ft.com,142.173.37.70,#ee138b,1G6KE57Y04U346618,Chevrolet,Express 3500,2010,33200.38,Poland,Złotniki,2020-02-08
377,Ashley,Earlam,aearlamag@pen.io,154.210.76.235,#fc205c,WAUHF78P68A423342,Chevrolet,Silverado 2500,2002,84876.00,Poland,Raszków,2020-02-19
388,Mia,Lanchberry,mlanchberryar@ask.com,250.23.107.131,#f99f7b,1N4AL3AP7EC400058,Chevrolet,Caprice Classic,1993,73905.56,Poland,Stepnica,2020-06-29
401,Christoper,Challenor,cchallenorb4@google.com.hk,224.9.236.118,#fea3cf,WAUAF78E06A817688,Chevrolet,Corvette,1955,66243.08,Poland,Budzów,2020-10-14
404,Aeriela,Jolliss,ajollissb7@slashdot.org,62.217.117.178,#28d4e1,1FMJK1F57BE843117,Chevrolet,Avalanche 1500,2004,48710.40,Poland,Łukowa,2020-07-31
412,Ally,Burnes,aburnesbf@youku.com,169.133.18.14,#ebc8fa,3VWKP7AJ4EM226869,Chevrolet,Corvette,1963,50694.76,Poland,Repki,2020-08-28
457,Lindsy,Labet,llabetco@artisteer.com,6.65.13.204,#8ba388,JM3KE2BE8F0512779,Chevrolet,Express 2500,2007,45482.16,Poland,Rajsko,2020-11-03
458,Thaxter,Steptoe,tsteptoecp@artisteer.com,28.145.58.105,#c0b967,WBSBR934X6P393547,Chevrolet,S10,2003,72424.96,Poland,Miechów Charsznica,2020-01-27
483,Beale,Kynder,bkynderde@cmu.edu,85.61.28.12,#0ccaeb,3LN6L2LUXDR081778,Chevrolet,HHR,2009,38398.33,Czech Republic,Karlovy Vary,2020-06-11
508,Ewen,Tassel,etassele3@upenn.edu,144.167.100.7,#d9d24b,JH4DB75621S337288,Chevrolet,Corvette,1987,12596.16,Poland,Obryte,2020-10-26
511,Tobias,Learned,tlearnede6@howstuffworks.com,235.31.99.104,#616fdb,WBA3A5C56FF332929,Chevrolet,Suburban 1500,2011,65723.19,Germany,Berlin,2020-03-18
514,Margret,Moxstead,mmoxsteade9@dagondesign.com,85.186.71.79,#3f7706,1G6D25ED2B0888230,Chevrolet,2500,1995,10626.82,Poland,Pyskowice,2020-05-05
515,Keslie,MacHoste,kmachosteea@skype.com,57.142.38.164,#5a21ad,1G4HR54K65U620428,Chevrolet,G-Series G10,1993,89302.75,Poland,Krzyżanowice,2020-04-13
556,Pam,O Mullen,pomullenff@forbes.com,155.132.250.101,#d4a7c5,SALFP2BN7AH202646,Chevrolet,Express 3500,2003,68251.53,Germany,München,2020-11-30
583,Jasun,Bonifazio,jbonifaziog6@sphinn.com,146.65.47.44,#db706c,KL4CJFSB1FB385085,Chevrolet,Sportvan G30,1995,68095.63,Czech Republic,Studená,2020-12-13
591,Kristina,Issard,kissardge@desdev.cn,80.111.98.192,#4342eb,3LN6L2G92DR496597,Chevrolet,Silverado 2500,2003,72526.32,Poland,Bujaków,2020-12-13
594,Thorndike,Trime,ttrimegh@360.cn,113.224.77.1,#c15345,3D73M3CL6AG095899,Chevrolet,HHR,2008,5298.14,Czech Republic,Valdice,2020-10-31
605,Trudy,Spileman,tspilemangs@intel.com,148.13.200.73,#05ec4f,3D4PH5FV3AT019091,Chevrolet,1500,1993,60357.78,Czech Republic,Toužim,2020-09-26
631,Meghan,Blethin,mblethinhi@etsy.com,254.104.196.107,#fd9a0b,SCBZK25E01C747487,Chevrolet,Express 3500,2009,81029.37,Czech Republic,Litvínovice,2020-01-09
637,Leicester,Gamlyn,lgamlynho@twitter.com,42.47.239.199,#e0cd9d,WBAVB73537P799707,Chevrolet,Aveo,2007,54181.97,Czech Republic,Tvrdonice,2020-09-06
666,Bill,MacGragh,bmacgraghih@moonfruit.com,206.9.59.250,#f23129,1FTEW1E83AF389916,Chevrolet,Corvette,1965,51423.85,Poland,Limanowa,2020-02-29
686,Merrill,Kobel,mkobelj1@ft.com,205.169.132.181,#2d2f9c,JN8AE2KP2B9252931,Chevrolet,Corvette,1966,8905.37,Germany,Lübeck,2020-03-18
692,Frances,Cham,fchamj7@i2i.jp,40.14.255.14,#51b04b,1FTEW1E80AF435217,Chevrolet,G-Series G20,1993,56306.72,Poland,Haczów,2020-11-17
697,Rodd,Tomlins,rtomlinsjc@exblog.jp,41.102.79.103,#975171,WBAWR33578P429371,Chevrolet,Lumina,1993,67013.15,Poland,Domaradz,2020-06-07
706,Ado,Caldero,acalderojl@zdnet.com,67.10.140.164,#e1eb7d,19UUA76698A878388,Chevrolet,Silverado 3500,2003,40912.28,Germany,Köln,2020-03-31
739,Zonnya,Rivelin,zrivelinki@mayoclinic.com,182.160.245.142,#79edb3,2T1BU4EE9BC690123,Chevrolet,G-Series G20,1994,39825.36,Poland,Strachówka,2020-05-23
772,Doll,Bagge,dbaggelf@studiopress.com,3.148.90.191,#09e3aa,WBAYA6C53FD599274,Chevrolet,Tracker,2000,72207.02,Poland,Maniowy,2020-02-12
779,Prentiss,Aish,paishlm@chronoengine.com,4.15.170.152,#d3845c,YV4952BZ2E1701993,Chevrolet,Cavalier,1996,72928.00,Poland,Markowa,2020-02-07
782,Kaila,Grimes,kgrimeslp@etsy.com,117.134.130.196,#da7b08,2C3CCARGXDH605370,Chevrolet,Impala,1996,3950.11,Poland,Piła,2020-05-18
801,Danell,Johansson,djohanssonm8@linkedin.com,244.165.247.121,#ea29a7,1LNHL9DK7DG525169,Chevrolet,Camaro,1999,69624.54,Czech Republic,Břeclav,2020-07-09
807,Guy,Yellowlea,gyellowleame@sun.com,94.116.159.245,#a8ca5f,WAUEH64B31N946110,Chevrolet,Corvette,1992,23899.56,Poland,Wrocław,2020-07-06
826,Melodie,Sweetland,msweetlandmx@google.com.au,42.222.63.231,#c8675e,3VW467AT2CM696599,Chevrolet,Metro,1998,87282.09,Czech Republic,Bošovice,2020-06-12
829,Osbourn,Bickerton,obickertonn0@storify.com,115.252.66.219,#b6f65c,1C4RDJEG8EC836037,Chevrolet,Avalanche 1500,2005,50872.19,Poland,Ręczno,2020-09-24
845,Josias,Tidbald,jtidbaldng@apache.org,254.243.8.126,#d88fc9,WAUDFAFL8EN511227,Chevrolet,G-Series G20,1994,69481.30,Poland,Sośnicowice,2020-02-29
860,Tull,Conlaund,tconlaundnv@bigcartel.com,250.168.201.88,#3dca1c,WAUJFAFH1CN181751,Chevrolet,2500,1999,63204.36,Poland,Krzanowice,2020-07-16
899,Emilee,Mainland,emainlandoy@opera.com,79.111.208.222,#5afe30,JN8AS5MTXBW467768,Chevrolet,Caprice,1995,12198.77,Poland,Solec Nad Wisłą,2020-03-14
915,Dominique,Edbrooke,dedbrookepe@shinystat.com,72.117.124.89,#7e6e3f,1FMNE1BW8AD691862,Chevrolet,TrailBlazer,2003,63109.55,Czech Republic,Bohumín,2020-11-16
925,Raimund,Blackburn,rblackburnpo@friendfeed.com,33.31.188.227,#776095,JN8AZ1MU0AW797642,Chevrolet,Suburban 2500,2008,10384.44,Poland,Szczawnica,2020-02-25
928,Hester,O'Lenechan,holenechanpr@etsy.com,208.29.140.44,#e10c2b,1D4PT6GX8AW814748,Chevrolet,Sportvan G30,1996,45593.86,Poland,Sonina,2020-09-12
930,Alejoa,Sanpere,asanperept@apache.org,251.168.55.148,#a2f3e3,KL4CJASB5FB830947,Chevrolet,Express 3500,1997,48368.72,Germany,Wuppertal,2020-09-29
960,Jaquelin,Jzhakov,jjzhakovqn@de.vu,16.4.77.174,#7b3bae,1G4GE5G39FF134469,Chevrolet,Colorado,2010,35879.16,Poland,Trzebinia,2020-01-18
963,Alley,Sex,asexqq@japanpost.jp,112.196.26.25,#d76660,1N4AB7AP0DN891280,Chevrolet,Corvette,2011,7848.14,Poland,Truskolasy,2020-04-09
977,Jobyna,Hadfield,jhadfieldr4@spiegel.de,187.130.89.230,#f8bdb5,KNAFX6A85F5800881,Chevrolet,Cavalier,1995,12888.87,Poland,Czerniejewo,2020-11-07
